county,year,rural_levy,urban_levy,county_avg_levy
Allen,2023,144.705,204.769,164.063
Allen,2024,142.848,204.141,162.286
Allen,2025,141.876,201.992,160.752
Anderson,2023,131.34,158.581,138.823
Anderson,2024,135.059,157.865,141.656
Anderson,2025,133.116,155.268,139.498
Atchison,2023,113.469,152.251,131.723
Atchison,2024,116.212,153.119,134.394
Atchison,2025,121.105,158.678,140.048
Barber,2023,153.542,197.229,161.383
Barber,2024,168.618,200.857,175.607
Barber,2025,139.631,184.289,147.72
Barton,2023,141.697,166.732,154.307
Barton,2024,139.299,162.306,150.971
Barton,2025,137.62,157.025,147.689
Bourbon,2023,154.06,187.07,168.611
Bourbon,2024,152.381,185.729,166.989
Bourbon,2025,149.323,180.609,163.033
Brown,2023,99.362,124.088,105.318
Brown,2024,100.955,118.641,105.669
Brown,2025,107.6,123.079,112.005
Butler,2023,123.844,154.566,139.231
Butler,2024,124.221,153.417,138.982
Butler,2025,123.566,152.563,138.304
Chase,2023,128.9,183.349,135.843
Chase,2024,131.227,183.066,137.804
Chase,2025,137.728,192.216,144.747
Chautauqua,2023,144.775,196.345,153.809
Chautauqua,2024,139.206,190.714,147.863
Chautauqua,2025,147.044,195.223,155.356
Cherokee,2023,91.966,141.817,110.723
Cherokee,2024,87.535,135.388,105.048
Cherokee,2025,93.298,142.552,111.212
Cheyenne,2023,130.67,165.695,138.683
Cheyenne,2024,134.382,162.279,141.427
Cheyenne,2025,134.0,160.274,141.328
Clark,2023,182.703,226.785,189.844
Clark,2024,188.978,232.117,196.396
Clark,2025,184.411,225.282,192.334
Clay,2023,133.474,168.154,143.417
Clay,2024,132.732,161.363,141.487
Clay,2025,138.249,165.751,146.877
Cloud,2023,150.704,187.103,162.5
Cloud,2024,152.994,187.079,164.656
Cloud,2025,153.349,188.97,166.019
Coffey,2023,92.719,130.29,95.082
Coffey,2024,92.698,124.758,94.931
Coffey,2025,91.564,122.532,93.873
Comanche,2023,202.384,278.829,217.592
Comanche,2024,209.555,278.87,224.514
Comanche,2025,218.686,287.564,235.108
Cowley,2023,139.163,170.483,154.574
Cowley,2024,133.024,161.12,147.157
Cowley,2025,130.662,155.774,143.554
Crawford,2023,108.662,148.323,134.927
Crawford,2024,107.108,146.684,133.333
Crawford,2025,109.223,151.132,137.014
Decatur,2023,153.809,193.12,160.645
Decatur,2024,167.975,203.908,174.837
Decatur,2025,160.88,193.712,167.527
Dickinson,2023,128.784,166.619,143.238
Dickinson,2024,129.747,163.126,142.745
Dickinson,2025,126.618,163.014,140.969
Doniphan,2023,109.077,138.127,115.864
Doniphan,2024,114.033,138.705,120.133
Doniphan,2025,117.381,141.159,123.534
Douglas,2023,119.282,131.158,128.64
Douglas,2024,115.484,127.146,124.74
Douglas,2025,115.386,127.213,124.764
Edwards,2023,152.003,210.888,162.166
Edwards,2024,158.534,215.429,169.069
Edwards,2025,164.619,216.898,174.857
Elk,2023,160.179,229.601,170.861
Elk,2024,161.252,227.499,172.083
Elk,2025,176.168,239.999,187.029
Ellis,2023,97.123,119.768,111.51
Ellis,2024,97.937,118.577,111.081
Ellis,2025,101.864,121.159,114.391
Ellsworth,2023,118.383,178.857,132.974
Ellsworth,2024,120.734,184.996,136.693
Ellsworth,2025,119.805,179.635,135.374
Finney,2023,124.447,157.772,142.071
Finney,2024,131.164,164.328,149.735
Finney,2025,131.305,165.027,150.542
Ford,2023,158.462,172.525,166.678
Ford,2024,155.087,159.606,157.857
Ford,2025,149.595,156.909,154.319
Franklin,2023,116.979,158.722,137.589
Franklin,2024,113.252,154.246,133.469
Franklin,2025,111.946,152.867,132.513
Geary,2023,110.739,147.828,138.836
Geary,2024,107.02,141.617,133.368
Geary,2025,110.015,141.196,133.789
Gove,2023,143.991,197.176,152.308
Gove,2024,151.25,200.439,159.931
Gove,2025,153.764,199.743,162.28
Graham,2023,156.922,223.006,166.53
Graham,2024,155.071,214.556,164.441
Graham,2025,161.415,219.361,171.426
Grant,2023,111.79,149.581,119.951
Grant,2024,119.008,152.347,128.201
Grant,2025,119.396,152.872,129.147
Gray,2023,124.218,162.596,135.86
Gray,2024,124.429,158.951,135.681
Gray,2025,123.838,157.598,135.171
Greeley,2023,228.681,286.828,238.864
Greeley,2024,247.832,300.854,258.465
Greeley,2025,259.498,311.48,270.739
Greenwood,2023,158.505,213.637,169.346
Greenwood,2024,158.713,213.127,169.779
Greenwood,2025,161.489,215.792,172.634
Hamilton,2023,185.265,216.125,193.75
Hamilton,2024,190.303,218.872,199.042
Hamilton,2025,169.765,197.23,178.456
Harper,2023,140.375,206.691,158.367
Harper,2024,145.134,200.848,163.436
Harper,2025,129.319,186.613,146.868
Harvey,2023,124.268,172.529,155.528
Harvey,2024,126.043,170.323,155.427
Harvey,2025,127.438,172.585,157.419
Haskell,2023,131.574,184.358,138.37
Haskell,2024,141.102,188.552,148.515
Haskell,2025,157.707,202.807,166.006
Hodgeman,2023,172.448,202.115,176.976
Hodgeman,2024,182.459,206.199,186.729
Hodgeman,2025,180.341,208.201,185.437
Jackson,2023,129.732,176.016,141.337
Jackson,2024,129.021,171.921,140.084
Jackson,2025,126.49,169.378,137.507
Jefferson,2023,125.695,157.562,132.789
Jefferson,2024,124.052,155.229,131.124
Jefferson,2025,122.42,154.653,129.767
Jewell,2023,145.309,192.445,150.489
Jewell,2024,152.993,207.353,159.74
Jewell,2025,158.678,198.313,164.229
Johnson,2023,110.243,100.751,110.737
Johnson,2024,108.875,109.797,109.771
Johnson,2025,108.374,109.507,109.474
Kearny,2023,149.336,182.37,154.49
Kearny,2024,177.785,205.983,183.751
Kearny,2025,173.744,199.483,180.024
Kingman,2023,145.028,184.191,154.144
Kingman,2024,148.569,184.455,158.176
Kingman,2025,143.955,178.59,153.294
Kiowa,2023,139.277,201.216,147.17
Kiowa,2024,150.091,210.275,158.573
Kiowa,2025,146.27,205.409,153.85
Labette,2023,150.149,205.086,178.182
Labette,2024,150.589,205.011,178.76
Labette,2025,147.898,200.001,174.635
Lane,2023,162.08,241.903,172.293
Lane,2024,165.238,239.49,176.649
Lane,2025,168.923,232.163,179.677
Leavenworth,2023,110.385,126.272,119.863
Leavenworth,2024,113.193,127.778,121.948
Leavenworth,2025,113.649,129.217,123.059
Lincoln,2023,152.753,192.597,158.188
Lincoln,2024,148.929,181.928,153.837
Lincoln,2025,153.722,183.452,158.495
Linn,2023,97.215,151.26,104.339
Linn,2024,92.387,140.522,99.304
Linn,2025,87.582,130.285,94.059
Logan,2023,130.228,197.237,148.39
Logan,2024,137.195,202.881,156.414
Logan,2025,142.885,209.54,164.097
Lyon,2023,117.622,164.13,143.961
Lyon,2024,114.763,159.777,143.104
Lyon,2025,115.296,162.01,145.18
Marion,2023,141.713,195.432,156.377
Marion,2024,138.618,188.054,152.743
Marion,2025,134.758,182.465,148.799
Marshall,2023,113.135,166.093,126.85
Marshall,2024,115.244,166.337,129.157
Marshall,2025,117.788,167.82,132.614
McPherson,2023,108.974,140.3,122.221
McPherson,2024,110.3,140.01,123.268
McPherson,2025,112.503,140.109,124.662
Meade,2023,141.777,198.944,149.456
Meade,2024,149.773,200.918,157.583
Meade,2025,147.833,196.405,155.891
Miami,2023,96.416,128.363,101.87
Miami,2024,93.666,128.629,106.265
Miami,2025,92.811,128.393,105.698
Mitchell,2023,153.96,181.41,165.656
Mitchell,2024,155.965,177.973,165.899
Mitchell,2025,163.376,184.454,173.172
Montgomery,2023,142.157,184.759,158.176
Montgomery,2024,136.965,167.547,148.981
Montgomery,2025,133.517,164.279,145.728
Morris,2023,143.692,201.316,157.245
Morris,2024,139.253,193.087,152.212
Morris,2025,138.827,189.758,151.232
Morton,2023,147.37,214.517,158.499
Morton,2024,187.91,250.022,203.439
Morton,2025,189.329,249.31,203.963
Nemaha,2023,106.88,108.761,106.957
Nemaha,2024,108.799,109.539,108.832
Nemaha,2025,115.514,115.128,115.496
Neosho,2023,159.493,164.059,161.95
Neosho,2024,158.376,162.889,160.783
Neosho,2025,154.207,155.984,155.16
Ness,2023,141.96,201.227,152.124
Ness,2024,151.298,202.684,161.444
Ness,2025,156.093,206.389,167.502
Norton,2023,134.733,195.211,150.999
Norton,2024,139.265,195.474,155.394
Norton,2025,140.147,208.587,160.309
Osage,2023,133.296,167.827,144.095
Osage,2024,127.15,158.885,137.126
Osage,2025,123.364,155.388,133.499
Osborne,2023,147.68,211.308,163.492
Osborne,2024,149.699,209.891,165.483
Osborne,2025,160.614,215.207,176.954
Ottawa,2023,136.889,159.386,141.598
Ottawa,2024,150.712,171.409,155.258
Ottawa,2025,149.817,170.61,154.455
Pawnee,2023,157.778,188.661,166.816
Pawnee,2024,158.607,185.989,167.423
Pawnee,2025,163.691,189.949,172.529
Phillips,2023,162.415,219.113,178.307
Phillips,2024,172.272,224.842,185.349
Phillips,2025,174.987,225.454,188.387
Pottawatomie,2023,90.453,126.636,98.303
Pottawatomie,2024,88.396,124.506,96.549
Pottawatomie,2025,87.972,125.815,96.218
Pratt,2023,150.377,182.039,164.483
Pratt,2024,160.446,191.996,175.658
Pratt,2025,161.432,209.083,177.185
Rawlins,2023,123.595,182.532,133.264
Rawlins,2024,144.276,204.093,154.717
Rawlins,2025,143.361,204.324,154.38
Reno,2023,142.234,160.386,153.117
Reno,2024,142.604,158.005,151.971
Reno,2025,144.229,161.486,154.778
Republic,2023,147.269,203.892,156.855
Republic,2024,154.984,205.923,159.244
Republic,2025,160.844,207.806,170.435
Rice,2023,118.886,160.649,128.144
Rice,2024,128.043,177.667,139.708
Rice,2025,125.119,169.515,136.119
Riley,2023,116.019,148.372,143.036
Riley,2024,113.348,149.086,143.179
Riley,2025,112.816,149.668,143.648
Rooks,2023,127.654,187.475,142.388
Rooks,2024,134.286,196.986,150.251
Rooks,2025,146.149,208.701,163.371
Rush,2023,162.255,199.244,170.888
Rush,2024,176.998,213.476,186.255
Rush,2025,174.134,208.974,183.878
Russell,2023,153.456,179.251,163.376
Russell,2024,152.119,176.071,161.595
Russell,2025,156.975,179.986,166.817
Saline,2023,99.6,134.997,126.675
Saline,2024,100.873,133.692,126.071
Saline,2025,101.697,134.107,126.671
Scott,2023,130.375,190.014,150.586
Scott,2024,131.833,186.496,151.937
Scott,2025,126.606,179.128,146.806
Sedgwick,2023,114.399,120.335,119.639
Sedgwick,2024,112.284,118.118,117.436
Sedgwick,2025,111.079,116.844,116.198
Seward,2023,136.878,178.564,157.687
Seward,2024,140.035,174.436,158.302
Seward,2025,158.652,187.765,175.405
Shawnee,2023,135.735,151.153,146.087
Shawnee,2024,136.207,149.383,145.055
Shawnee,2025,137.816,150.979,146.68
Sheridan,2023,129.497,183.992,138.241
Sheridan,2024,131.012,180.323,139.545
Sheridan,2025,126.364,172.599,134.595
Sherman,2023,132.842,174.621,149.632
Sherman,2024,138.363,178.719,155.573
Sherman,2025,141.989,186.923,161.68
Smith,2023,162.227,234.025,177.534
Smith,2024,157.206,226.018,172.047
Smith,2025,159.714,227.007,175.384
Stafford,2023,139.106,176.144,145.378
Stafford,2024,153.06,185.472,159.091
Stafford,2025,159.135,193.255,165.726
Stanton,2023,189.647,223.876,196.635
Stanton,2024,221.072,252.291,229.284
Stanton,2025,239.699,270.328,248.87
Stevens,2023,133.991,171.836,140.383
Stevens,2024,143.124,177.067,151.957
Stevens,2025,130.929,157.916,137.419
Sumner,2023,141.714,173.41,156.293
Sumner,2024,140.715,172.243,153.992
Sumner,2025,135.671,169.104,149.667
Thomas,2023,153.401,164.614,158.062
Thomas,2024,152.763,161.679,156.615
Thomas,2025,155.745,164.962,159.803
Trego,2023,128.214,171.974,137.377
Trego,2024,130.744,174.462,140.269
Trego,2025,130.17,175.404,140.264
Wabaunsee,2023,133.186,143.556,134.937
Wabaunsee,2024,132.74,139.108,133.839
Wabaunsee,2025,133.422,139.443,134.473
Wallace,2023,167.129,224.536,175.997
Wallace,2024,180.845,236.434,190.441
Wallace,2025,172.258,217.313,180.473
Washington,2023,119.845,151.716,125.207
Washington,2024,111.887,137.347,116.721
Washington,2025,115.975,140.093,120.791
Wichita,2023,155.124,214.851,165.19
Wichita,2024,158.998,218.047,169.613
Wichita,2025,165.731,223.352,177.068
Wilson,2023,128.611,175.867,139.213
Wilson,2024,127.119,178.723,138.968
Wilson,2025,126.388,178.752,138.33
Woodson,2023,148.862,191.472,156.873
Woodson,2024,154.165,189.631,161.293
Woodson,2025,161.415,201.389,169.619
Wyandotte,2023,124.435,165.975,165.925
Wyandotte,2024,118.243,154.557,154.512
Wyandotte,2025,117.029,159.194,159.147
Allen,2022,144.249,205.427,163.074
Anderson,2022,133.101,164.307,141.455
Atchison,2022,110.447,156.623,131.728
Barber,2022,154.723,194.791,162.115
Barton,2022,149.126,176.855,162.632
Bourbon,2022,153.262,186.55,168.181
Brown,2022,96.921,123.012,102.743
Butler,2022,127.672,160.456,143.603
Chase,2022,129.258,184.151,136.266
Chautauqua,2022,149.167,201.013,158.279
Cherokee,2022,91.243,144.534,111.122
Cheyenne,2022,144.356,183.635,152.402
Clark,2022,181.226,226.719,188.156
Clay,2022,132.383,167.405,142.113
Cloud,2022,148.115,187.299,160.47
Coffey,2022,90.166,130.3,92.407
Comanche,2022,192.582,269.659,206.43
Cowley,2022,142.387,178.943,159.777
Crawford,2022,110.167,150.713,136.832
Decatur,2022,141.023,200.298,149.895
Dickinson,2022,128.583,168.59,143.358
Doniphan,2022,106.2,134.356,112.59
Douglas,2022,122.356,131.981,130.132
Edwards,2022,152.998,213.156,163.008
Elk,2022,160.143,234.773,171.329
Ellis,2022,99.047,121.735,113.516
Ellsworth,2022,118.46,182.098,133.108
Finney,2022,128.236,162.682,145.875
Ford,2022,158.657,177.731,169.394
Franklin,2022,121.712,164.656,142.662
Geary,2022,112.635,150.284,140.801
Gove,2022,139.245,197.08,147.947
Graham,2022,159.281,226.154,168.443
Grant,2022,111.1,150.861,119.263
Gray,2022,125.828,165.137,137.288
Greeley,2022,215.598,272.827,224.925
Greenwood,2022,157.407,210.792,168.353
Hamilton,2022,185.851,219.144,194.208
Harper,2022,136.761,204.703,153.296
Harvey,2022,122.001,169.298,151.999
Haskell,2022,136.21,191.622,143.223
Hodgeman,2022,177.73,210.644,182.471
Jackson,2022,129.139,180.286,141.354
Jefferson,2022,130.92,164.417,138.22
Jewell,2022,142.62,192.221,147.793
Johnson,2022,111.993,112.142,112.137
Kearny,2022,137.713,176.34,143.11
Kingman,2022,145.219,187.097,154.35
Kiowa,2022,135.973,198.842,143.576
Labette,2022,146.545,199.178,173.819
Lane,2022,154.424,239.364,164.437
Leavenworth,2022,113.556,130.081,123.455
Lincoln,2022,143.466,182.949,148.185
Linn,2022,98.792,154.278,105.442
Logan,2022,121.508,185.798,137.951
Lyon,2022,110.779,156.178,137.49
Marion,2022,139.596,192.338,153.752
Marshall,2022,114.038,166.518,127.214
McPherson,2022,108.506,139.305,121.054
Meade,2022,140.345,200.201,147.899
Miami,2022,101.277,137.728,114.462
Mitchell,2022,157.626,191.949,170.943
Montgomery,2022,146.928,191.184,162.66
Morris,2022,147.5,204.441,160.873
Morton,2022,147.418,214.643,158.368
Nemaha,2022,100.329,110.657,100.769
Neosho,2022,159.221,193.809,177.475
Ness,2022,143.191,204.035,153.789
Norton,2022,133.886,190.113,148.36
Osage,2022,132.691,168.664,143.884
Osborne,2022,149.553,213.052,163.382
Ottawa,2022,150.131,178.361,155.681
Pawnee,2022,163.329,201.011,173.468
Phillips,2022,161.586,217.157,175.597
Pottawatomie,2022,90.34,129.19,98.242
Pratt,2022,145.713,194.452,158.454
Rawlins,2022,122.201,181.099,131.148
Reno,2022,141.735,162.593,154.168
Republic,2022,147.569,206.301,157.161
Rice,2022,122.069,164.757,131.019
Riley,2022,119.139,154.376,148.529
Rooks,2022,128.56,202.718,144.581
Rush,2022,168.64,206.336,177.332
Russell,2022,151.749,179.505,162.055
Saline,2022,99.213,132.584,124.757
Scott,2022,133.112,198.468,154.211
Sedgwick,2022,115.364,120.527,119.902
Seward,2022,136.866,182.306,158.866
Shawnee,2022,136.289,155.354,149.138
Sheridan,2022,124.376,181.094,133.29
Sherman,2022,133.9,174.868,148.834
Smith,2022,156.342,228.764,170.981
Stafford,2022,138.994,179.977,145.761
Stanton,2022,170.908,207.21,177.125
Stevens,2022,141.594,189.478,149.956
Sumner,2022,142.768,174.885,157.815
Thomas,2022,152.794,164.131,157.377
Trego,2022,125.234,170.726,134.11
Wabaunsee,2022,134.801,147.054,136.844
Wallace,2022,153.497,208.229,161.733
Washington,2022,121.451,154.584,126.874
Wichita,2022,154.011,216.193,163.662
Wilson,2022,130.701,181.58,142.147
Woodson,2022,154.55,201.182,163.022
Wyandotte,2022,123.306,166.837,166.786
Allen,2021,140.259,201.457,158.812
Anderson,2021,144.981,184.078,155.663
Atchison,2021,118.575,167.241,140.585
Barber,2021,160.654,200.659,168.675
Barton,2021,156.663,186.769,171.212
Bourbon,2021,159.983,196.328,176.215
Brown,2021,95.761,126.841,102.353
Butler,2021,131.686,164.441,147.486
Chase,2021,134.11,191.858,141.55
Chautauqua,2021,154.075,211.129,163.801
Cherokee,2021,99.043,162.116,121.703
Cheyenne,2021,142.537,188.503,151.152
Clark,2021,193.956,241.047,201.209
Clay,2021,131.951,167.993,141.617
Cloud,2021,153.185,198.503,167.091
Coffey,2021,88.741,130.295,91.03
Comanche,2021,190.487,271.885,205.439
Cowley,2021,149.412,186.422,166.747
Crawford,2021,111.962,153.712,139.471
Decatur,2021,140.833,202.607,149.436
Dickinson,2021,131.163,170.672,145.692
Doniphan,2021,106.614,133.999,112.724
Douglas,2021,125.589,135.827,133.858
Edwards,2021,153.676,215.759,164.04
Elk,2021,167.933,244.963,180.069
Ellis,2021,91.681,112.463,105.164
Ellsworth,2021,112.897,179.973,127.597
Finney,2021,129.707,164.455,147.609
Ford,2021,159.302,180.026,170.941
Franklin,2021,128.22,171.46,149.181
Geary,2021,122.092,162.32,152.132
Gove,2021,133.034,185.221,141.361
Graham,2021,149.925,220.143,159.419
Grant,2021,121.493,164.686,132.892
Gray,2021,125.93,165.859,137.205
Greeley,2021,212.112,273.268,221.65
Greenwood,2021,155.574,212.561,167.423
Hamilton,2021,195.713,234.03,205.285
Harper,2021,138.249,208.477,157.349
Harvey,2021,120.875,164.42,148.113
Haskell,2021,147.416,207.527,156.168
Hodgeman,2021,185.925,221.027,191.106
Jackson,2021,133.077,184.353,145.311
Jefferson,2021,134.724,171.916,142.698
Jewell,2021,138.995,194.919,144.408
Johnson,2021,116.628,117.211,117.194
Kearny,2021,158.972,202.143,167.261
Kingman,2021,143.645,187.906,153.91
Kiowa,2021,132.817,196.104,140.483
Labette,2021,148.034,200.067,175.007
Lane,2021,158.081,248.558,169.295
Leavenworth,2021,114.776,134.716,126.723
Lincoln,2021,140.83,185.705,145.65
Linn,2021,105.671,169.884,113.17
Logan,2021,126.05,194.96,142.622
Lyon,2021,110.925,155.26,136.583
Marion,2021,141.652,197.091,156.341
Marshall,2021,117.82,171.966,130.979
McPherson,2021,108.777,140.742,121.676
Meade,2021,146.445,209.901,154.898
Miami,2021,108.662,148.415,122.671
Mitchell,2021,159.254,197.503,173.841
Montgomery,2021,153.097,199.681,169.561
Morris,2021,145.279,202.885,158.823
Morton,2021,157.127,228.678,173.308
Nemaha,2021,102.737,113.805,103.207
Neosho,2021,163.14,198.296,182.006
Ness,2021,150.182,214.777,162.61
Norton,2021,132.874,191.714,147.915
Osage,2021,140.279,180.439,152.509
Osborne,2021,152.371,218.877,166.026
Ottawa,2021,150.909,185.524,157.354
Pawnee,2021,165.229,204.191,175.289
Phillips,2021,155.99,215.262,170.344
Pottawatomie,2021,88.915,129.213,96.885
Pratt,2021,138.091,191.158,152.414
Rawlins,2021,117.276,178.889,126.121
Reno,2021,144.019,168.638,158.504
Republic,2021,142.073,208.667,152.114
Rice,2021,127.554,185.389,138.621
Riley,2021,121.656,156.323,150.583
Rooks,2021,130.773,211.201,148.163
Rush,2021,165.892,207.457,175.115
Russell,2021,162.483,191.838,173.387
Saline,2021,99.527,136.814,127.571
Scott,2021,137.542,209.872,159.769
Sedgwick,2021,115.218,122.162,121.26
Seward,2021,145.168,188.214,166.871
Shawnee,2021,136.845,159.531,152.286
Sheridan,2021,113.406,174.719,122.668
Sherman,2021,130.84,173.646,145.715
Smith,2021,152.115,231.687,167.432
Stafford,2021,145.981,189.52,153.089
Stanton,2021,232.494,272.265,241.878
Stevens,2021,159.063,208.325,171.617
Sumner,2021,142.948,170.672,156.149
Thomas,2021,152.769,165.605,157.743
Trego,2021,126.361,176.596,136.625
Wabaunsee,2021,139.029,157.197,142.021
Wallace,2021,147.21,210.869,155.962
Washington,2021,124.131,161.371,129.892
Wichita,2021,147.98,214.449,157.577
Wilson,2021,127.892,183.664,140.588
Woodson,2021,156.721,209.843,166.56
Wyandotte,2021,130.882,170.166,170.12
Allen,2020,147.651,204.722,165.458
Anderson,2020,147.124,183.523,157.309
Atchison,2020,117.76,166.523,140.181
Barber,2020,165.936,203.006,173.637
Barton,2020,159.932,188.777,174.158
Bourbon,2020,161.268,197.84,177.712
Brown,2020,93.63,125.546,100.401
Butler,2020,136.043,167.719,151.727
Chase,2020,132.531,189.704,139.948
Chautauqua,2020,158.935,216.665,168.783
Cherokee,2020,105.082,162.45,126.624
Cheyenne,2020,144.437,190.901,152.401
Clark,2020,199.556,245.855,206.997
Clay,2020,142.118,174.623,152.469
Cloud,2020,153.787,199.319,167.747
Coffey,2020,87.687,130.524,90.219
Comanche,2020,186.374,269.384,200.572
Cowley,2020,150.786,186.898,168.974
Crawford,2020,112.836,154.384,140.531
Decatur,2020,134.76,193.458,142.807
Dickinson,2020,130.488,170.046,146.527
Doniphan,2020,105.655,131.688,111.54
Douglas,2020,124.749,135.125,133.134
Edwards,2020,153.438,216.434,164.01
Elk,2020,168.42,241.873,180.69
Ellis,2020,92.25,112.134,105.158
Ellsworth,2020,111.671,178.426,126.16
Finney,2020,127.001,161.779,144.557
Ford,2020,159.982,180.915,171.871
Franklin,2020,129.576,174.356,151.389
Geary,2020,122.551,162.758,152.882
Gove,2020,132.32,186.273,141.078
Graham,2020,153.215,224.262,162.936
Grant,2020,113.244,156.391,124.325
Gray,2020,121.937,161.198,132.802
Greeley,2020,205.859,265.963,214.9
Greenwood,2020,156.025,210.772,165.826
Hamilton,2020,194.955,232.986,203.865
Harper,2020,143.001,214.014,162.866
Harvey,2020,120.573,162.892,147.104
Haskell,2020,159.047,219.948,168.261
Hodgeman,2020,186.86,223.306,192.226
Jackson,2020,133.07,185.291,145.68
Jefferson,2020,134.119,170.78,142.082
Jewell,2020,138.571,190.922,143.463
Johnson,2020,118.591,118.263,118.273
Kearny,2020,156.309,200.213,164.134
Kingman,2020,151.266,194.744,161.811
Kiowa,2020,135.038,198.381,142.965
Labette,2020,155.594,205.852,182.1
Lane,2020,166.462,271.063,180.046
Leavenworth,2020,116.273,135.956,128.094
Lincoln,2020,145.922,189.812,150.7
Linn,2020,107.588,172.723,114.719
Logan,2020,127.217,191.105,142.906
Lyon,2020,114.197,160.357,138.49
Marion,2020,145.194,199.599,161.42
Marshall,2020,119.828,172.903,135.013
McPherson,2020,105.94,139.322,114.078
Meade,2020,141.043,204.727,149.533
Miami,2020,107.009,146.479,120.857
Mitchell,2020,158.016,195.775,172.267
Montgomery,2020,151.774,198.884,168.606
Morris,2020,147.275,203.656,160.807
Morton,2020,151.536,222.819,167.492
Nemaha,2020,102.488,124.489,107.663
Neosho,2020,166.726,198.916,184.673
Ness,2020,152.184,217.167,164.816
Norton,2020,132.655,191.884,147.441
Osage,2020,139.557,178.332,151.618
Osborne,2020,147.289,213.251,159.806
Ottawa,2020,151.218,187.131,157.946
Pawnee,2020,161.833,203.603,172.852
Phillips,2020,146.896,203.107,161.021
Pottawatomie,2020,86.906,126.528,94.944
Pratt,2020,138.687,191.321,153.338
Rawlins,2020,116.621,178.561,124.916
Reno,2020,146.009,170.484,160.807
Republic,2020,141.968,208.131,151.965
Rice,2020,130.784,174.827,139.334
Riley,2020,121.461,154.134,148.832
Rooks,2020,133.146,216.853,151.744
Rush,2020,170.181,212.177,179.498
Russell,2020,163.127,190.925,173.985
Saline,2020,100.71,138.352,129.058
Scott,2020,131.537,199.986,152.418
Sedgwick,2020,115.694,122.369,121.477
Seward,2020,142.799,188.814,165.848
Shawnee,2020,132.862,156.969,149.252
Sheridan,2020,112.087,172.247,120.557
Sherman,2020,126.35,170.74,141.04
Smith,2020,151.957,232.727,167.15
Stafford,2020,145.694,188.497,152.806
Stanton,2020,215.17,255.33,223.757
Stevens,2020,158.741,209.072,170.788
Sumner,2020,143.481,169.981,156.341
Thomas,2020,147.219,160.419,152.222
Trego,2020,128.633,176.793,137.898
Wabaunsee,2020,141.933,163.077,145.471
Wallace,2020,141.904,206.173,150.368
Washington,2020,134.659,167.808,140.32
Wichita,2020,150.018,218.213,159.796
Wilson,2020,122.18,184.935,136.902
Woodson,2020,161.262,210.726,170.581
Wyandotte,2020,134.588,170.618,170.581
